<configuration name="timezones.conf" description="Timezones">
    <timezones>
        <zone name="Africa/Abidjan" value="GMT0" />
        <zone name="Africa/Accra" value="GMT0" />
        <zone name="Africa/Addis_Ababa" value="EAT-3" />
        <zone name="Africa/Algiers" value="CET-1" />
        <zone name="Africa/Asmara" value="EAT-3" />
        <zone name="Africa/Asmera" value="EAT-3" />
        <zone name="Africa/Bamako" value="GMT0" />
        <zone name="Africa/Bangui" value="WAT-1" />
        <zone name="Africa/Banjul" value="GMT0" />
        <zone name="Africa/Bissau" value="GMT0" />
        <zone name="Africa/Blantyre" value="CAT-2" />
        <zone name="Africa/Brazzaville" value="WAT-1" />
        <zone name="Africa/Bujumbura" value="CAT-2" />
        <zone name="Africa/Cairo" value="EET-2EEST,M4.5.5/0,M10.5.4/24" />
        <zone name="Africa/Casablanca" value="STD-1" />
        <zone name="Africa/Ceuta" value="CET-1CEST,M3.5.0,M10.5.0/3" />
        <zone name="Africa/Conakry" value="GMT0" />
        <zone name="Africa/Dakar" value="GMT0" />
        <zone name="Africa/Dar_es_Salaam" value="EAT-3" />
        <zone name="Africa/Djibouti" value="EAT-3" />
        <zone name="Africa/Douala" value="WAT-1" />
        <zone name="Africa/El_Aaiun" value="STD-1" />
        <zone name="Africa/Freetown" value="GMT0" />
        <zone name="Africa/Gaborone" value="CAT-2" />
        <zone name="Africa/Harare" value="CAT-2" />
        <zone name="Africa/Johannesburg" value="SAST-2" />
        <zone name="Africa/Juba" value="CAT-2" />
        <zone name="Africa/Kampala" value="EAT-3" />
        <zone name="Africa/Khartoum" value="CAT-2" />
        <zone name="Africa/Kigali" value="CAT-2" />
        <zone name="Africa/Kinshasa" value="WAT-1" />
        <zone name="Africa/Lagos" value="WAT-1" />
        <zone name="Africa/Libreville" value="WAT-1" />
        <zone name="Africa/Lome" value="GMT0" />
        <zone name="Africa/Luanda" value="WAT-1" />
        <zone name="Africa/Lubumbashi" value="CAT-2" />
        <zone name="Africa/Lusaka" value="CAT-2" />
        <zone name="Africa/Malabo" value="WAT-1" />
        <zone name="Africa/Maputo" value="CAT-2" />
        <zone name="Africa/Maseru" value="SAST-2" />
        <zone name="Africa/Mbabane" value="SAST-2" />
        <zone name="Africa/Mogadishu" value="EAT-3" />
        <zone name="Africa/Monrovia" value="GMT0" />
        <zone name="Africa/Nairobi" value="EAT-3" />
        <zone name="Africa/Ndjamena" value="WAT-1" />
        <zone name="Africa/Niamey" value="WAT-1" />
        <zone name="Africa/Nouakchott" value="GMT0" />
        <zone name="Africa/Ouagadougou" value="GMT0" />
        <zone name="Africa/Porto-Novo" value="WAT-1" />
        <zone name="Africa/Sao_Tome" value="GMT0" />
        <zone name="Africa/Timbuktu" value="GMT0" />
        <zone name="Africa/Tripoli" value="EET-2" />
        <zone name="Africa/Tunis" value="CET-1" />
        <zone name="Africa/Windhoek" value="CAT-2" />

        <zone name="America/Adak" value="HST10HDT,M3.2.0,M11.1.0" />
        <zone name="America/Anchorage" value="AKST9AKDT,M3.2.0,M11.1.0" />
        <zone name="America/Anguilla" value="AST4" />
        <zone name="America/Antigua" value="AST4" />
        <zone name="America/Araguaina" value="STD3" />
        <zone name="America/Argentina/Buenos_Aires" value="STD3" />
        <zone name="America/Argentina/Catamarca" value="STD3" />
        <zone name="America/Argentina/ComodRivadavia" value="STD3" />
        <zone name="America/Argentina/Cordoba" value="STD3" />
        <zone name="America/Argentina/Jujuy" value="STD3" />
        <zone name="America/Argentina/La_Rioja" value="STD3" />
        <zone name="America/Argentina/Mendoza" value="STD3" />
        <zone name="America/Argentina/Rio_Gallegos" value="STD3" />
        <zone name="America/Argentina/Salta" value="STD3" />
        <zone name="America/Argentina/San_Juan" value="STD3" />
        <zone name="America/Argentina/San_Luis" value="STD3" />
        <zone name="America/Argentina/Tucuman" value="STD3" />
        <zone name="America/Argentina/Ushuaia" value="STD3" />
        <zone name="America/Aruba" value="AST4" />
        <zone name="America/Asuncion" value="STD4DST,M10.1.0/0,M3.4.0/0" />
        <zone name="America/Atikokan" value="EST5" />
        <zone name="America/Atka" value="HST10HDT,M3.2.0,M11.1.0" />
        <zone name="America/Bahia" value="STD3" />
        <zone name="America/Bahia_Banderas" value="CST6" />
        <zone name="America/Barbados" value="AST4" />
        <zone name="America/Belem" value="STD3" />
        <zone name="America/Belize" value="CST6" />
        <zone name="America/Blanc-Sablon" value="AST4" />
        <zone name="America/Boa_Vista" value="STD4" />
        <zone name="America/Bogota" value="STD5" />
        <zone name="America/Boise" value="MST7MDT,M3.2.0,M11.1.0" />
        <zone name="America/Buenos_Aires" value="STD3" />
        <zone name="America/Cambridge_Bay" value="MST7MDT,M3.2.0,M11.1.0" />
        <zone name="America/Campo_Grande" value="STD4" />
        <zone name="America/Cancun" value="EST5" />
        <zone name="America/Caracas" value="STD4" />
        <zone name="America/Catamarca" value="STD3" />
        <zone name="America/Cayenne" value="STD3" />
        <zone name="America/Cayman" value="EST5" />
        <zone name="America/Chicago" value="CST6CDT,M3.2.0,M11.1.0" />
        <zone name="America/Chihuahua" value="CST6" />
        <zone name="America/Ciudad_Juarez" value="MST7MDT,M3.2.0,M11.1.0" />
        <zone name="America/Coral_Harbour" value="EST5" />
        <zone name="America/Cordoba" value="STD3" />
        <zone name="America/Costa_Rica" value="CST6" />
        <zone name="America/Creston" value="MST7" />
        <zone name="America/Cuiaba" value="STD4" />
        <zone name="America/Curacao" value="AST4" />
        <zone name="America/Danmarkshavn" value="GMT0" />
        <zone name="America/Dawson" value="MST7" />
        <zone name="America/Dawson_Creek" value="MST7" />
        <zone name="America/Denver" value="MST7MDT,M3.2.0,M11.1.0" />
        <zone name="America/Detroit" value="EST5EDT,M3.2.0,M11.1.0" />
        <zone name="America/Dominica" value="AST4" />
        <zone name="America/Edmonton" value="MST7MDT,M3.2.0,M11.1.0" />
        <zone name="America/Eirunepe" value="STD5" />
        <zone name="America/El_Salvador" value="CST6" />
        <zone name="America/Ensenada" value="PST8PDT,M3.2.0,M11.1.0" />
        <zone name="America/Fort_Nelson" value="MST7" />
        <zone name="America/Fort_Wayne" value="EST5EDT,M3.2.0,M11.1.0" />
        <zone name="America/Fortaleza" value="STD3" />
        <zone name="America/Glace_Bay" value="AST4ADT,M3.2.0,M11.1.0" />
        <zone name="America/Godthab" value="STD2DST,M3.5.0/-1,M10.5.0/0" />
        <zone name="America/Goose_Bay" value="AST4ADT,M3.2.0,M11.1.0" />
        <zone name="America/Grand_Turk" value="EST5EDT,M3.2.0,M11.1.0" />
        <zone name="America/Grenada" value="AST4" />
        <zone name="America/Guadeloupe" value="AST4" />
        <zone name="America/Guatemala" value="CST6" />
        <zone name="America/Guayaquil" value="STD5" />
        <zone name="America/Guyana" value="STD4" />
        <zone name="America/Halifax" value="AST4ADT,M3.2.0,M11.1.0" />
        <zone name="America/Havana" value="CST5CDT,M3.2.0/0,M11.1.0/1" />
        <zone name="America/Hermosillo" value="MST7" />
        <zone name="America/Indiana/Indianapolis" value="EST5EDT,M3.2.0,M11.1.0" />
        <zone name="America/Indiana/Knox" value="CST6CDT,M3.2.0,M11.1.0" />
        <zone name="America/Indiana/Marengo" value="EST5EDT,M3.2.0,M11.1.0" />
        <zone name="America/Indiana/Petersburg" value="EST5EDT,M3.2.0,M11.1.0" />
        <zone name="America/Indiana/Tell_City" value="CST6CDT,M3.2.0,M11.1.0" />
        <zone name="America/Indiana/Vevay" value="EST5EDT,M3.2.0,M11.1.0" />
        <zone name="America/Indiana/Vincennes" value="EST5EDT,M3.2.0,M11.1.0" />
        <zone name="America/Indiana/Winamac" value="EST5EDT,M3.2.0,M11.1.0" />
        <zone name="America/Indianapolis" value="EST5EDT,M3.2.0,M11.1.0" />
        <zone name="America/Inuvik" value="MST7MDT,M3.2.0,M11.1.0" />
        <zone name="America/Iqaluit" value="EST5EDT,M3.2.0,M11.1.0" />
        <zone name="America/Jamaica" value="EST5" />
        <zone name="America/Jujuy" value="STD3" />
        <zone name="America/Juneau" value="AKST9AKDT,M3.2.0,M11.1.0" />
        <zone name="America/Kentucky/Louisville" value="EST5EDT,M3.2.0,M11.1.0" />
        <zone name="America/Kentucky/Monticello" value="EST5EDT,M3.2.0,M11.1.0" />
        <zone name="America/Knox_IN" value="CST6CDT,M3.2.0,M11.1.0" />
        <zone name="America/Kralendijk" value="AST4" />
        <zone name="America/La_Paz" value="STD4" />
        <zone name="America/Lima" value="STD5" />
        <zone name="America/Los_Angeles" value="PST8PDT,M3.2.0,M11.1.0" />
        <zone name="America/Louisville" value="EST5EDT,M3.2.0,M11.1.0" />
        <zone name="America/Lower_Princes" value="AST4" />
        <zone name="America/Maceio" value="STD3" />
        <zone name="America/Managua" value="CST6" />
        <zone name="America/Manaus" value="STD4" />
        <zone name="America/Marigot" value="AST4" />
        <zone name="America/Martinique" value="AST4" />
        <zone name="America/Matamoros" value="CST6CDT,M3.2.0,M11.1.0" />
        <zone name="America/Mazatlan" value="MST7" />
        <zone name="America/Mendoza" value="STD3" />
        <zone name="America/Menominee" value="CST6CDT,M3.2.0,M11.1.0" />
        <zone name="America/Merida" value="CST6" />
        <zone name="America/Metlakatla" value="AKST9AKDT,M3.2.0,M11.1.0" />
        <zone name="America/Mexico_City" value="CST6" />
        <zone name="America/Miquelon" value="STD3DST,M3.2.0,M11.1.0" />
        <zone name="America/Moncton" value="AST4ADT,M3.2.0,M11.1.0" />
        <zone name="America/Monterrey" value="CST6" />
        <zone name="America/Montevideo" value="STD3" />
        <zone name="America/Montreal" value="EST5EDT,M3.2.0,M11.1.0" />
        <zone name="America/Montserrat" value="AST4" />
        <zone name="America/Nassau" value="EST5EDT,M3.2.0,M11.1.0" />
        <zone name="America/New_York" value="EST5EDT,M3.2.0,M11.1.0" />
        <zone name="America/Nipigon" value="EST5EDT,M3.2.0,M11.1.0" />
        <zone name="America/Nome" value="AKST9AKDT,M3.2.0,M11.1.0" />
        <zone name="America/Noronha" value="STD2" />
        <zone name="America/North_Dakota/Beulah" value="CST6CDT,M3.2.0,M11.1.0" />
        <zone name="America/North_Dakota/Center" value="CST6CDT,M3.2.0,M11.1.0" />
        <zone name="America/North_Dakota/New_Salem" value="CST6CDT,M3.2.0,M11.1.0" />
        <zone name="America/Nuuk" value="STD2DST,M3.5.0/-1,M10.5.0/0" />
        <zone name="America/Ojinaga" value="CST6CDT,M3.2.0,M11.1.0" />
        <zone name="America/Panama" value="EST5" />
        <zone name="America/Pangnirtung" value="EST5EDT,M3.2.0,M11.1.0" />
        <zone name="America/Paramaribo" value="STD3" />
        <zone name="America/Phoenix" value="MST7" />
        <zone name="America/Port-au-Prince" value="EST5EDT,M3.2.0,M11.1.0" />
        <zone name="America/Port_of_Spain" value="AST4" />
        <zone name="America/Porto_Acre" value="STD5" />
        <zone name="America/Porto_Velho" value="STD4" />
        <zone name="America/Puerto_Rico" value="AST4" />
        <zone name="America/Punta_Arenas" value="STD3" />
        <zone name="America/Rainy_River" value="CST6CDT,M3.2.0,M11.1.0" />
        <zone name="America/Rankin_Inlet" value="CST6CDT,M3.2.0,M11.1.0" />
        <zone name="America/Recife" value="STD3" />
        <zone name="America/Regina" value="CST6" />
        <zone name="America/Resolute" value="CST6CDT,M3.2.0,M11.1.0" />
        <zone name="America/Rio_Branco" value="STD5" />
        <zone name="America/Rosario" value="STD3" />
        <zone name="America/Santa_Isabel" value="PST8PDT,M3.2.0,M11.1.0" />
        <zone name="America/Santarem" value="STD3" />
        <zone name="America/Santiago" value="STD4DST,M9.1.6/24,M4.1.6/24" />
        <zone name="America/Santo_Domingo" value="AST4" />
        <zone name="America/Sao_Paulo" value="STD3" />
        <zone name="America/Scoresbysund" value="STD1DST,M3.5.0/0,M10.5.0/1" />
        <zone name="America/Shiprock" value="MST7MDT,M3.2.0,M11.1.0" />
        <zone name="America/Sitka" value="AKST9AKDT,M3.2.0,M11.1.0" />
        <zone name="America/St_Barthelemy" value="AST4" />
        <zone name="America/St_Johns" value="NST3:30NDT,M3.2.0,M11.1.0" />
        <zone name="America/St_Kitts" value="AST4" />
        <zone name="America/St_Lucia" value="AST4" />
        <zone name="America/St_Thomas" value="AST4" />
        <zone name="America/St_Vincent" value="AST4" />
        <zone name="America/Swift_Current" value="CST6" />
        <zone name="America/Tegucigalpa" value="CST6" />
        <zone name="America/Thule" value="AST4ADT,M3.2.0,M11.1.0" />
        <zone name="America/Thunder_Bay" value="EST5EDT,M3.2.0,M11.1.0" />
        <zone name="America/Tijuana" value="PST8PDT,M3.2.0,M11.1.0" />
        <zone name="America/Toronto" value="EST5EDT,M3.2.0,M11.1.0" />
        <zone name="America/Tortola" value="AST4" />
        <zone name="America/Vancouver" value="PST8PDT,M3.2.0,M11.1.0" />
        <zone name="America/Virgin" value="AST4" />
        <zone name="America/Whitehorse" value="MST7" />
        <zone name="America/Winnipeg" value="CST6CDT,M3.2.0,M11.1.0" />
        <zone name="America/Yakutat" value="AKST9AKDT,M3.2.0,M11.1.0" />
        <zone name="America/Yellowknife" value="MST7MDT,M3.2.0,M11.1.0" />

        <zone name="Antarctica/Casey" value="STD-11" />
        <zone name="Antarctica/Davis" value="STD-7" />
        <zone name="Antarctica/DumontDUrville" value="STD-10" />
        <zone name="Antarctica/Macquarie" value="AEST-10AEDT,M10.1.0,M4.1.0/3" />
        <zone name="Antarctica/Mawson" value="STD-5" />
        <zone name="Antarctica/McMurdo" value="NZST-12NZDT,M9.5.0,M4.1.0/3" />
        <zone name="Antarctica/Palmer" value="STD3" />
        <zone name="Antarctica/Rothera" value="STD3" />
        <zone name="Antarctica/South_Pole" value="NZST-12NZDT,M9.5.0,M4.1.0/3" />
        <zone name="Antarctica/Syowa" value="STD-3" />
        <zone name="Antarctica/Troll" value="STD-0DST-2,M3.5.0/1,M10.5.0/3" />
        <zone name="Antarctica/Vostok" value="STD-6" />

        <zone name="Arctic/Longyearbyen" value="CET-1CEST,M3.5.0,M10.5.0/3" />

        <zone name="Asia/Aden" value="STD-3" />
        <zone name="Asia/Almaty" value="STD-6" />
        <zone name="Asia/Amman" value="STD-3" />
        <zone name="Asia/Anadyr" value="STD-12" />
        <zone name="Asia/Aqtau" value="STD-5" />
        <zone name="Asia/Aqtobe" value="STD-5" />
        <zone name="Asia/Ashgabat" value="STD-5" />
        <zone name="Asia/Ashkhabad" value="STD-5" />
        <zone name="Asia/Atyrau" value="STD-5" />
        <zone name="Asia/Baghdad" value="STD-3" />
        <zone name="Asia/Bahrain" value="STD-3" />
        <zone name="Asia/Baku" value="STD-4" />
        <zone name="Asia/Bangkok" value="STD-7" />
        <zone name="Asia/Barnaul" value="STD-7" />
        <zone name="Asia/Beirut" value="EET-2EEST,M3.5.0/0,M10.5.0/0" />
        <zone name="Asia/Bishkek" value="STD-6" />
        <zone name="Asia/Brunei" value="STD-8" />
        <zone name="Asia/Calcutta" value="IST-5:30" />
        <zone name="Asia/Chita" value="STD-9" />
        <zone name="Asia/Choibalsan" value="STD-8" />
        <zone name="Asia/Chongqing" value="CST-8" />
        <zone name="Asia/Chungking" value="CST-8" />
        <zone name="Asia/Colombo" value="STD-5:30" />
        <zone name="Asia/Dacca" value="STD-6" />
        <zone name="Asia/Damascus" value="STD-3" />
        <zone name="Asia/Dhaka" value="STD-6" />
        <zone name="Asia/Dili" value="STD-9" />
        <zone name="Asia/Dubai" value="STD-4" />
        <zone name="Asia/Dushanbe" value="STD-5" />
        <zone name="Asia/Famagusta" value="EET-2EEST,M3.5.0/3,M10.5.0/4" />
        <zone name="Asia/Gaza" value="EET-2EEST,M3.4.4/50,M10.4.4/50" />
        <zone name="Asia/Harbin" value="CST-8" />
        <zone name="Asia/Hebron" value="EET-2EEST,M3.4.4/50,M10.4.4/50" />
        <zone name="Asia/Ho_Chi_Minh" value="STD-7" />
        <zone name="Asia/Hong_Kong" value="HKT-8" />
        <zone name="Asia/Hovd" value="STD-7" />
        <zone name="Asia/Irkutsk" value="STD-8" />
        <zone name="Asia/Istanbul" value="STD-3" />
        <zone name="Asia/Jakarta" value="WIB-7" />
        <zone name="Asia/Jayapura" value="WIT-9" />
        <zone name="Asia/Jerusalem" value="IST-2IDT,M3.4.4/26,M10.5.0" />
        <zone name="Asia/Kabul" value="STD-4:30" />
        <zone name="Asia/Kamchatka" value="STD-12" />
        <zone name="Asia/Karachi" value="PKT-5" />
        <zone name="Asia/Kashgar" value="STD-6" />
        <zone name="Asia/Kathmandu" value="STD-5:45" />
        <zone name="Asia/Katmandu" value="STD-5:45" />
        <zone name="Asia/Khandyga" value="STD-9" />
        <zone name="Asia/Kolkata" value="IST-5:30" />
        <zone name="Asia/Krasnoyarsk" value="STD-7" />
        <zone name="Asia/Kuala_Lumpur" value="STD-8" />
        <zone name="Asia/Kuching" value="STD-8" />
        <zone name="Asia/Kuwait" value="STD-3" />
        <zone name="Asia/Macao" value="CST-8" />
        <zone name="Asia/Macau" value="CST-8" />
        <zone name="Asia/Magadan" value="STD-11" />
        <zone name="Asia/Makassar" value="WITA-8" />
        <zone name="Asia/Manila" value="PST-8" />
        <zone name="Asia/Muscat" value="STD-4" />
        <zone name="Asia/Nicosia" value="EET-2EEST,M3.5.0/3,M10.5.0/4" />
        <zone name="Asia/Novokuznetsk" value="STD-7" />
        <zone name="Asia/Novosibirsk" value="STD-7" />
        <zone name="Asia/Omsk" value="STD-6" />
        <zone name="Asia/Oral" value="STD-5" />
        <zone name="Asia/Phnom_Penh" value="STD-7" />
        <zone name="Asia/Pontianak" value="WIB-7" />
        <zone name="Asia/Pyongyang" value="KST-9" />
        <zone name="Asia/Qatar" value="STD-3" />
        <zone name="Asia/Qostanay" value="STD-6" />
        <zone name="Asia/Qyzylorda" value="STD-5" />
        <zone name="Asia/Rangoon" value="STD-6:30" />
        <zone name="Asia/Riyadh" value="STD-3" />
        <zone name="Asia/Saigon" value="STD-7" />
        <zone name="Asia/Sakhalin" value="STD-11" />
        <zone name="Asia/Samarkand" value="STD-5" />
        <zone name="Asia/Seoul" value="KST-9" />
        <zone name="Asia/Shanghai" value="CST-8" />
        <zone name="Asia/Singapore" value="STD-8" />
        <zone name="Asia/Srednekolymsk" value="STD-11" />
        <zone name="Asia/Taipei" value="CST-8" />
        <zone name="Asia/Tashkent" value="STD-5" />
        <zone name="Asia/Tbilisi" value="STD-4" />
        <zone name="Asia/Tehran" value="STD-3:30" />
        <zone name="Asia/Tel_Aviv" value="IST-2IDT,M3.4.4/26,M10.5.0" />
        <zone name="Asia/Thimbu" value="STD-6" />
        <zone name="Asia/Thimphu" value="STD-6" />
        <zone name="Asia/Tokyo" value="JST-9" />
        <zone name="Asia/Tomsk" value="STD-7" />
        <zone name="Asia/Ujung_Pandang" value="WITA-8" />
        <zone name="Asia/Ulaanbaatar" value="STD-8" />
        <zone name="Asia/Ulan_Bator" value="STD-8" />
        <zone name="Asia/Urumqi" value="STD-6" />
        <zone name="Asia/Ust-Nera" value="STD-10" />
        <zone name="Asia/Vientiane" value="STD-7" />
        <zone name="Asia/Vladivostok" value="STD-10" />
        <zone name="Asia/Yakutsk" value="STD-9" />
        <zone name="Asia/Yangon" value="STD-6:30" />
        <zone name="Asia/Yekaterinburg" value="STD-5" />
        <zone name="Asia/Yerevan" value="STD-4" />

        <zone name="Atlantic/Azores" value="STD1DST,M3.5.0/0,M10.5.0/1" />
        <zone name="Atlantic/Bermuda" value="AST4ADT,M3.2.0,M11.1.0" />
        <zone name="Atlantic/Canary" value="WET0WEST,M3.5.0/1,M10.5.0" />
        <zone name="Atlantic/Cape_Verde" value="STD1" />
        <zone name="Atlantic/Faeroe" value="WET0WEST,M3.5.0/1,M10.5.0" />
        <zone name="Atlantic/Faroe" value="WET0WEST,M3.5.0/1,M10.5.0" />
        <zone name="Atlantic/Jan_Mayen" value="CET-1CEST,M3.5.0,M10.5.0/3" />
        <zone name="Atlantic/Madeira" value="WET0WEST,M3.5.0/1,M10.5.0" />
        <zone name="Atlantic/Reykjavik" value="GMT0" />
        <zone name="Atlantic/South_Georgia" value="STD2" />
        <zone name="Atlantic/St_Helena" value="GMT0" />
        <zone name="Atlantic/Stanley" value="STD3" />

        <zone name="Australia/ACT" value="AEST-10AEDT,M10.1.0,M4.1.0/3" />
        <zone name="Australia/Adelaide" value="ACST-9:30ACDT,M10.1.0,M4.1.0/3" />
        <zone name="Australia/Brisbane" value="AEST-10" />
        <zone name="Australia/Broken_Hill" value="ACST-9:30ACDT,M10.1.0,M4.1.0/3" />
        <zone name="Australia/Canberra" value="AEST-10AEDT,M10.1.0,M4.1.0/3" />
        <zone name="Australia/Currie" value="AEST-10AEDT,M10.1.0,M4.1.0/3" />
        <zone name="Australia/Darwin" value="ACST-9:30" />
        <zone name="Australia/Eucla" value="STD-8:45" />
        <zone name="Australia/Hobart" value="AEST-10AEDT,M10.1.0,M4.1.0/3" />
        <zone name="Australia/LHI" value="STD-10:30DST-11,M10.1.0,M4.1.0" />
        <zone name="Australia/Lindeman" value="AEST-10" />
        <zone name="Australia/Lord_Howe" value="STD-10:30DST-11,M10.1.0,M4.1.0" />
        <zone name="Australia/Melbourne" value="AEST-10AEDT,M10.1.0,M4.1.0/3" />
        <zone name="Australia/NSW" value="AEST-10AEDT,M10.1.0,M4.1.0/3" />
        <zone name="Australia/North" value="ACST-9:30" />
        <zone name="Australia/Perth" value="AWST-8" />
        <zone name="Australia/Queensland" value="AEST-10" />
        <zone name="Australia/South" value="ACST-9:30ACDT,M10.1.0,M4.1.0/3" />
        <zone name="Australia/Sydney" value="AEST-10AEDT,M10.1.0,M4.1.0/3" />
        <zone name="Australia/Tasmania" value="AEST-10AEDT,M10.1.0,M4.1.0/3" />
        <zone name="Australia/Victoria" value="AEST-10AEDT,M10.1.0,M4.1.0/3" />
        <zone name="Australia/West" value="AWST-8" />
        <zone name="Australia/Yancowinna" value="ACST-9:30ACDT,M10.1.0,M4.1.0/3" />

        <zone name="Brazil/Acre" value="STD5" />
        <zone name="Brazil/DeNoronha" value="STD2" />
        <zone name="Brazil/East" value="STD3" />
        <zone name="Brazil/West" value="STD4" />

        <zone name="CET" value="CET-1CEST,M3.5.0,M10.5.0/3" />

        <zone name="CST6CDT" value="CST6CDT,M3.2.0,M11.1.0" />

        <zone name="Canada/Atlantic" value="AST4ADT,M3.2.0,M11.1.0" />
        <zone name="Canada/Central" value="CST6CDT,M3.2.0,M11.1.0" />
        <zone name="Canada/Eastern" value="EST5EDT,M3.2.0,M11.1.0" />
        <zone name="Canada/Mountain" value="MST7MDT,M3.2.0,M11.1.0" />
        <zone name="Canada/Newfoundland" value="NST3:30NDT,M3.2.0,M11.1.0" />
        <zone name="Canada/Pacific" value="PST8PDT,M3.2.0,M11.1.0" />
        <zone name="Canada/Saskatchewan" value="CST6" />
        <zone name="Canada/Yukon" value="MST7" />

        <zone name="Chile/Continental" value="STD4DST,M9.1.6/24,M4.1.6/24" />
        <zone name="Chile/EasterIsland" value="STD6DST,M9.1.6/22,M4.1.6/22" />

        <zone name="Cuba" value="CST5CDT,M3.2.0/0,M11.1.0/1" />

        <zone name="EET" value="EET-2EEST,M3.5.0/3,M10.5.0/4" />

        <zone name="EST" value="EST5" />

        <zone name="EST5EDT" value="EST5EDT,M3.2.0,M11.1.0" />

        <zone name="Egypt" value="EET-2EEST,M4.5.5/0,M10.5.4/24" />

        <zone name="Eire" value="IST-1GMT0,M10.5.0,M3.5.0/1" />

        <zone name="Etc/GMT" value="GMT0" />
        <zone name="Etc/GMT+0" value="GMT0" />
        <zone name="Etc/GMT+1" value="GMT1" />
        <zone name="Etc/GMT+10" value="GMT10" />
        <zone name="Etc/GMT+11" value="GMT11" />
        <zone name="Etc/GMT+12" value="GMT12" />
        <zone name="Etc/GMT+2" value="GMT2" />
        <zone name="Etc/GMT+3" value="GMT3" />
        <zone name="Etc/GMT+4" value="GMT4" />
        <zone name="Etc/GMT+5" value="GMT5" />
        <zone name="Etc/GMT+6" value="GMT6" />
        <zone name="Etc/GMT+7" value="GMT7" />
        <zone name="Etc/GMT+8" value="GMT8" />
        <zone name="Etc/GMT+9" value="GMT9" />
        <zone name="Etc/GMT-0" value="GMT0" />
        <zone name="Etc/GMT-1" value="GMT-1" />
        <zone name="Etc/GMT-10" value="GMT-10" />
        <zone name="Etc/GMT-11" value="GMT-11" />
        <zone name="Etc/GMT-12" value="GMT-12" />
        <zone name="Etc/GMT-13" value="GMT-13" />
        <zone name="Etc/GMT-14" value="GMT-14" />
        <zone name="Etc/GMT-2" value="GMT-2" />
        <zone name="Etc/GMT-3" value="GMT-3" />
        <zone name="Etc/GMT-4" value="GMT-4" />
        <zone name="Etc/GMT-5" value="GMT-5" />
        <zone name="Etc/GMT-6" value="GMT-6" />
        <zone name="Etc/GMT-7" value="GMT-7" />
        <zone name="Etc/GMT-8" value="GMT-8" />
        <zone name="Etc/GMT-9" value="GMT-9" />
        <zone name="Etc/GMT0" value="GMT0" />
        <zone name="Etc/Greenwich" value="GMT0" />
        <zone name="Etc/UCT" value="UTC0" />
        <zone name="Etc/UTC" value="UTC0" />
        <zone name="Etc/Universal" value="UTC0" />
        <zone name="Etc/Zulu" value="UTC0" />

        <zone name="Europe/Amsterdam" value="CET-1CEST,M3.5.0,M10.5.0/3" />
        <zone name="Europe/Andorra" value="CET-1CEST,M3.5.0,M10.5.0/3" />
        <zone name="Europe/Astrakhan" value="STD-4" />
        <zone name="Europe/Athens" value="EET-2EEST,M3.5.0/3,M10.5.0/4" />
        <zone name="Europe/Belfast" value="GMT0BST,M3.5.0/1,M10.5.0" />
        <zone name="Europe/Belgrade" value="CET-1CEST,M3.5.0,M10.5.0/3" />
        <zone name="Europe/Berlin" value="CET-1CEST,M3.5.0,M10.5.0/3" />
        <zone name="Europe/Bratislava" value="CET-1CEST,M3.5.0,M10.5.0/3" />
        <zone name="Europe/Brussels" value="CET-1CEST,M3.5.0,M10.5.0/3" />
        <zone name="Europe/Bucharest" value="EET-2EEST,M3.5.0/3,M10.5.0/4" />
        <zone name="Europe/Budapest" value="CET-1CEST,M3.5.0,M10.5.0/3" />
        <zone name="Europe/Busingen" value="CET-1CEST,M3.5.0,M10.5.0/3" />
        <zone name="Europe/Chisinau" value="EET-2EEST,M3.5.0,M10.5.0/3" />
        <zone name="Europe/Copenhagen" value="CET-1CEST,M3.5.0,M10.5.0/3" />
        <zone name="Europe/Dublin" value="IST-1GMT0,M10.5.0,M3.5.0/1" />
        <zone name="Europe/Gibraltar" value="CET-1CEST,M3.5.0,M10.5.0/3" />
        <zone name="Europe/Guernsey" value="GMT0BST,M3.5.0/1,M10.5.0" />
        <zone name="Europe/Helsinki" value="EET-2EEST,M3.5.0/3,M10.5.0/4" />
        <zone name="Europe/Isle_of_Man" value="GMT0BST,M3.5.0/1,M10.5.0" />
        <zone name="Europe/Istanbul" value="STD-3" />
        <zone name="Europe/Jersey" value="GMT0BST,M3.5.0/1,M10.5.0" />
        <zone name="Europe/Kaliningrad" value="EET-2" />
        <zone name="Europe/Kiev" value="EET-2EEST,M3.5.0/3,M10.5.0/4" />
        <zone name="Europe/Kirov" value="MSK-3" />
        <zone name="Europe/Kyiv" value="EET-2EEST,M3.5.0/3,M10.5.0/4" />
        <zone name="Europe/Lisbon" value="WET0WEST,M3.5.0/1,M10.5.0" />
        <zone name="Europe/Ljubljana" value="CET-1CEST,M3.5.0,M10.5.0/3" />
        <zone name="Europe/London" value="GMT0BST,M3.5.0/1,M10.5.0" />
        <zone name="Europe/Luxembourg" value="CET-1CEST,M3.5.0,M10.5.0/3" />
        <zone name="Europe/Madrid" value="CET-1CEST,M3.5.0,M10.5.0/3" />
        <zone name="Europe/Malta" value="CET-1CEST,M3.5.0,M10.5.0/3" />
        <zone name="Europe/Mariehamn" value="EET-2EEST,M3.5.0/3,M10.5.0/4" />
        <zone name="Europe/Minsk" value="STD-3" />
        <zone name="Europe/Monaco" value="CET-1CEST,M3.5.0,M10.5.0/3" />
        <zone name="Europe/Moscow" value="MSK-3" />
        <zone name="Europe/Nicosia" value="EET-2EEST,M3.5.0/3,M10.5.0/4" />
        <zone name="Europe/Oslo" value="CET-1CEST,M3.5.0,M10.5.0/3" />
        <zone name="Europe/Paris" value="CET-1CEST,M3.5.0,M10.5.0/3" />
        <zone name="Europe/Podgorica" value="CET-1CEST,M3.5.0,M10.5.0/3" />
        <zone name="Europe/Prague" value="CET-1CEST,M3.5.0,M10.5.0/3" />
        <zone name="Europe/Riga" value="EET-2EEST,M3.5.0/3,M10.5.0/4" />
        <zone name="Europe/Rome" value="CET-1CEST,M3.5.0,M10.5.0/3" />
        <zone name="Europe/Samara" value="STD-4" />
        <zone name="Europe/San_Marino" value="CET-1CEST,M3.5.0,M10.5.0/3" />
        <zone name="Europe/Sarajevo" value="CET-1CEST,M3.5.0,M10.5.0/3" />
        <zone name="Europe/Saratov" value="STD-4" />
        <zone name="Europe/Simferopol" value="MSK-3" />
        <zone name="Europe/Skopje" value="CET-1CEST,M3.5.0,M10.5.0/3" />
        <zone name="Europe/Sofia" value="EET-2EEST,M3.5.0/3,M10.5.0/4" />
        <zone name="Europe/Stockholm" value="CET-1CEST,M3.5.0,M10.5.0/3" />
        <zone name="Europe/Tallinn" value="EET-2EEST,M3.5.0/3,M10.5.0/4" />
        <zone name="Europe/Tirane" value="CET-1CEST,M3.5.0,M10.5.0/3" />
        <zone name="Europe/Tiraspol" value="EET-2EEST,M3.5.0,M10.5.0/3" />
        <zone name="Europe/Ulyanovsk" value="STD-4" />
        <zone name="Europe/Uzhgorod" value="EET-2EEST,M3.5.0/3,M10.5.0/4" />
        <zone name="Europe/Vaduz" value="CET-1CEST,M3.5.0,M10.5.0/3" />
        <zone name="Europe/Vatican" value="CET-1CEST,M3.5.0,M10.5.0/3" />
        <zone name="Europe/Vienna" value="CET-1CEST,M3.5.0,M10.5.0/3" />
        <zone name="Europe/Vilnius" value="EET-2EEST,M3.5.0/3,M10.5.0/4" />
        <zone name="Europe/Volgograd" value="MSK-3" />
        <zone name="Europe/Warsaw" value="CET-1CEST,M3.5.0,M10.5.0/3" />
        <zone name="Europe/Zagreb" value="CET-1CEST,M3.5.0,M10.5.0/3" />
        <zone name="Europe/Zaporozhye" value="EET-2EEST,M3.5.0/3,M10.5.0/4" />
        <zone name="Europe/Zurich" value="CET-1CEST,M3.5.0,M10.5.0/3" />

        <zone name="Factory" value="STD0" />

        <zone name="GB" value="GMT0BST,M3.5.0/1,M10.5.0" />

        <zone name="GB-Eire" value="GMT0BST,M3.5.0/1,M10.5.0" />

        <zone name="GMT" value="GMT0" />

        <zone name="GMT+0" value="GMT0" />

        <zone name="GMT-0" value="GMT0" />

        <zone name="GMT0" value="GMT0" />

        <zone name="Greenwich" value="GMT0" />

        <zone name="HST" value="HST10" />

        <zone name="Hongkong" value="HKT-8" />

        <zone name="Iceland" value="GMT0" />

        <zone name="Indian/Antananarivo" value="EAT-3" />
        <zone name="Indian/Chagos" value="STD-6" />
        <zone name="Indian/Christmas" value="STD-7" />
        <zone name="Indian/Cocos" value="STD-6:30" />
        <zone name="Indian/Comoro" value="EAT-3" />
        <zone name="Indian/Kerguelen" value="STD-5" />
        <zone name="Indian/Mahe" value="STD-4" />
        <zone name="Indian/Maldives" value="STD-5" />
        <zone name="Indian/Mauritius" value="STD-4" />
        <zone name="Indian/Mayotte" value="EAT-3" />
        <zone name="Indian/Reunion" value="STD-4" />

        <zone name="Iran" value="STD-3:30" />

        <zone name="Israel" value="IST-2IDT,M3.4.4/26,M10.5.0" />

        <zone name="Jamaica" value="EST5" />

        <zone name="Japan" value="JST-9" />

        <zone name="Kwajalein" value="STD-12" />

        <zone name="Libya" value="EET-2" />

        <zone name="MET" value="MET-1MEST,M3.5.0,M10.5.0/3" />

        <zone name="MST" value="MST7" />

        <zone name="MST7MDT" value="MST7MDT,M3.2.0,M11.1.0" />

        <zone name="Mexico/BajaNorte" value="PST8PDT,M3.2.0,M11.1.0" />
        <zone name="Mexico/BajaSur" value="MST7" />
        <zone name="Mexico/General" value="CST6" />

        <zone name="NZ" value="NZST-12NZDT,M9.5.0,M4.1.0/3" />

        <zone name="NZ-CHAT" value="STD-12:45DST,M9.5.0/2:45,M4.1.0/3:45" />

        <zone name="Navajo" value="MST7MDT,M3.2.0,M11.1.0" />

        <zone name="PRC" value="CST-8" />

        <zone name="PST8PDT" value="PST8PDT,M3.2.0,M11.1.0" />

        <zone name="Pacific/Apia" value="STD-13" />
        <zone name="Pacific/Auckland" value="NZST-12NZDT,M9.5.0,M4.1.0/3" />
        <zone name="Pacific/Bougainville" value="STD-11" />
        <zone name="Pacific/Chatham" value="STD-12:45DST,M9.5.0/2:45,M4.1.0/3:45" />
        <zone name="Pacific/Chuuk" value="STD-10" />
        <zone name="Pacific/Easter" value="STD6DST,M9.1.6/22,M4.1.6/22" />
        <zone name="Pacific/Efate" value="STD-11" />
        <zone name="Pacific/Enderbury" value="STD-13" />
        <zone name="Pacific/Fakaofo" value="STD-13" />
        <zone name="Pacific/Fiji" value="STD-12" />
        <zone name="Pacific/Funafuti" value="STD-12" />
        <zone name="Pacific/Galapagos" value="STD6" />
        <zone name="Pacific/Gambier" value="STD9" />
        <zone name="Pacific/Guadalcanal" value="STD-11" />
        <zone name="Pacific/Guam" value="ChST-10" />
        <zone name="Pacific/Honolulu" value="HST10" />
        <zone name="Pacific/Johnston" value="HST10" />
        <zone name="Pacific/Kanton" value="STD-13" />
        <zone name="Pacific/Kiritimati" value="STD-14" />
        <zone name="Pacific/Kosrae" value="STD-11" />
        <zone name="Pacific/Kwajalein" value="STD-12" />
        <zone name="Pacific/Majuro" value="STD-12" />
        <zone name="Pacific/Marquesas" value="STD9:30" />
        <zone name="Pacific/Midway" value="SST11" />
        <zone name="Pacific/Nauru" value="STD-12" />
        <zone name="Pacific/Niue" value="STD11" />
        <zone name="Pacific/Norfolk" value="STD-11DST,M10.1.0,M4.1.0/3" />
        <zone name="Pacific/Noumea" value="STD-11" />
        <zone name="Pacific/Pago_Pago" value="SST11" />
        <zone name="Pacific/Palau" value="STD-9" />
        <zone name="Pacific/Pitcairn" value="STD8" />
        <zone name="Pacific/Pohnpei" value="STD-11" />
        <zone name="Pacific/Ponape" value="STD-11" />
        <zone name="Pacific/Port_Moresby" value="STD-10" />
        <zone name="Pacific/Rarotonga" value="STD10" />
        <zone name="Pacific/Saipan" value="ChST-10" />
        <zone name="Pacific/Samoa" value="SST11" />
        <zone name="Pacific/Tahiti" value="STD10" />
        <zone name="Pacific/Tarawa" value="STD-12" />
        <zone name="Pacific/Tongatapu" value="STD-13" />
        <zone name="Pacific/Truk" value="STD-10" />
        <zone name="Pacific/Wake" value="STD-12" />
        <zone name="Pacific/Wallis" value="STD-12" />
        <zone name="Pacific/Yap" value="STD-10" />

        <zone name="Poland" value="CET-1CEST,M3.5.0,M10.5.0/3" />

        <zone name="Portugal" value="WET0WEST,M3.5.0/1,M10.5.0" />

        <zone name="ROC" value="CST-8" />

        <zone name="ROK" value="KST-9" />

        <zone name="Singapore" value="STD-8" />

        <zone name="Turkey" value="STD-3" />

        <zone name="UCT" value="UTC0" />

        <zone name="US/Alaska" value="AKST9AKDT,M3.2.0,M11.1.0" />
        <zone name="US/Aleutian" value="HST10HDT,M3.2.0,M11.1.0" />
        <zone name="US/Arizona" value="MST7" />
        <zone name="US/Central" value="CST6CDT,M3.2.0,M11.1.0" />
        <zone name="US/East-Indiana" value="EST5EDT,M3.2.0,M11.1.0" />
        <zone name="US/Eastern" value="EST5EDT,M3.2.0,M11.1.0" />
        <zone name="US/Hawaii" value="HST10" />
        <zone name="US/Indiana-Starke" value="CST6CDT,M3.2.0,M11.1.0" />
        <zone name="US/Michigan" value="EST5EDT,M3.2.0,M11.1.0" />
        <zone name="US/Mountain" value="MST7MDT,M3.2.0,M11.1.0" />
        <zone name="US/Pacific" value="PST8PDT,M3.2.0,M11.1.0" />
        <zone name="US/Samoa" value="SST11" />

        <zone name="UTC" value="UTC0" />

        <zone name="Universal" value="UTC0" />

        <zone name="W-SU" value="MSK-3" />

        <zone name="WET" value="WET0WEST,M3.5.0/1,M10.5.0" />

        <zone name="Zulu" value="UTC0" />
    </timezones>
</configuration>
